,work,Year,Publication_type,Cell-classes,Cell-types,How_many_classes/types_of_neurons?,What_type_of_classification_problems?,Region,Subregion,Species,What_is_the_data_source?,What_data_representation_is_being_used?,What_features_are_extracted?,What_classification_methods_are_being_used?,Types_of_ANN,What_neuroscience_tools_and_technologies_are_being_used?,Is_the_source_code_available?,What_programming_language_are_being_used?,What_evaluation_measures_are_being_used?,Other_relevant_aspects
0,"batabyal,t.,condron,b.,&_acton,s._t._(2020)._neuropath2path:_classification_and_elastic_morphing_between_neuronal_arbors_using_path-wise_similarity._neuroinformatics,18(3),479508._https://doi.org/10.1007/s12021-019-09450-x",2020,journal,"pyramidal,ganglion,granule,motoneuron,purkinje",only_classes,5_classes,multi-class,"neocortex,hippocampus","neocortex_occipital,neocortex_prefrontal,neocortex_frontal",mouse,neuromorpho,graph-based_,morphometrics_features,"knn,svm",does_not_use_ann,"neurosol,tmd,neuropath2path",yes._github_,matlab,"accuracy,confusion_matrix","path2path_is_being_compared_against_tmd_-_proposed_by_lida_kanari._intraclass_accuracy_of_66%_and_interclass_accuracy_of_85,02%._basically,it_is_being_computing_the_distance_between_two_neurons_-_but_applying_the_many-to-one_strategy."
1,"grbatinic,i.,milosevic,n.,&_krstonosic,b._(2018)._the_neuromorphological_caudateputaminal_clustering_of_neostriate_interneurons:_kohonen_selforganizing_maps_and_supervised_artificial_neural_networks_with_multivariate_analysis._journal_of_theoretical_biology,438,96115._https://doi.org/10.1016/j.jtbi.2017.11.013",2018,journal,interneuron,caudate_(cin)_and_putaminal_neuron_type_(pin),"1_class,2_types",binary,neostriate_nuclei,neostriate_nuclei,human,own_dataset,"image-based,skeleton-based",morphometrics_features,"neural_networks,k-means,_linear_discriminant_analysis","multi_layer_perceptron,kohonen_map",not_used,no,not_described,"auc,sensitivity",nan
2,"kanari,l.,ramaswamy,s.,shi,y.,morand,s.,meystre,j.,perin,r.,abdellah,m.,wang,y.,hess,k.,&_markram,h._(2019)._objective_morphological_classification_of_neocortical_pyramidal_cells._cerebral_cortex,29(4),17191735._https://doi.org/10.1093/cercor/bhy339",2019,journal,pyramidal,not_described,"1_class,17_types",multi-class,somatosensory,cortex_somatosensory,rat,own_dataset,skeleton-based,"topological_features,morphometrics_features_",not_described,does_not_use_ann,tmd,no,not_described,"accuracy,confusion_matrix",they_do_a_reclassification._the_misclassified_cells_are_re-evaluated_and_distributed_in_new_groups_until_the_new_grouping_is_stable
3,"kirch,c.,&_gollo,l._l._(2020)._spatially_resolved_dendritic_integration:_towards_a_functional_classification_of_neurons._peerj,8,129._https://doi.org/10.7717/peerj.10250",2020,journal,"pyramidal,purkinje,ganglion,sensory,granule,interneuron",only_classes,6_classes,multi-class,"neocortex,hippocampus,cerebellum,forebarin,retina,anterior_cingulate","cortex_occipital,cortex_frontal,cortex_temporal,cortex_parietal,hippocampus,cortex_cerebellar,cerebellum,cortex_prefrontal,forebrain,anterior_cingulate,retina","mouse,human,rat,wallaby,drosophila_melanogaster,monkey",neuromorpho,point-based,topological_features,not_described,does_not_use_ann,not_used,yes._systems_neuroscience_group__erro_link,matlab,not_described,this_paper_provides_insights_into_the_role_the_dendritic_structure_plays_in_the_behavior_of_a_neuron
4,"laturnus,s.,kobak,d.,&_berens,p._(2020)._a_systematic_evaluation_of_interneuron_morphology_representations_for_cell_type_discrimination._neuroinformatics,18(4),591609._https://doi.org/10.1007/s12021-020-09461-z",2020,journal,interneuron,not_described,"1_class,11_types",multi-class,"retina,neocortex","retina,cortex",mouse,third_party,point-based,"density_maps,morphometrics_features,topological_features_","logistic_regression,knn,decision_tree",does_not_use_ann,nlmorphologyconverter,yes._github_,python,"cross-validation,accuracy,f1-score",this_work_evaluates_representations_of_morphologies
5,"lin,x.,&_zheng,j._(2018)._a_3d_neuronal_morphology_classification_approach_based_on_convolutional_neural_networks._proceedings_-_2018_11th_international_symposium_on_computational_intelligence_and_design,iscid_2018,2,244248._https://doi.org/10.1109/iscid.2018.10157",2018,conference,interneuron,"cholinergic,","1_class,4_types",multi-class,not_described,not_described,drosophila_melanogaster,neuromorpho,voxel-based,morphometrics_features,neural_networks,convolutional_neural_network,"cvapp,neuromantic",no,not_described,accuracy,nan
6,"lin,x.,&_zheng,j._(2019)._a_neuronal_morphology_classification_approach_based_on_locally_cumulative_connected_deep_neural_networks._applied_sciences_(switzerland),9(18)._https://doi.org/10.3390/app9183876",2019,journal,"interneuron,motoneuron",somatic,"2_classes,1_type_of_motoneuron",multi-class,not_described,not_described,"caenorhabditis_elegans,zebrafish",neuromorpho,point-based,morphometrics_features,"logistic_regression,naive_bayes,decision_tree,knn,svm,neural_networks","fully_connected_neural_network,locally_cumulative_connected_deep_neural_network,long_short-term_memory","l-measure,cvapp,neuromantic",no,not_described,"accuracy,confusion_matrix",nan
7,"lin,x.,zheng,j.,wang,x.,&_ma,h._(2018)._a_neuronal_morphology_classification_approach_based_on_deep_residual_neural_networks._lecture_notes_in_computer_science_(including_subseries_lecture_notes_in_artificial_intelligence_and_lecture_notes_in_bioinformatics),11304_lncs,336348._https://doi.org/10.1007/978-3-030-04212-7_29",2018,journal,"cajal-retzius,interneuron,von_economo,stellate,medium_spiny,sensory,pyramidal,granule,ganglion","aspiny,amacrine,basket,bipolar,gabaergic,glutamatergic,golgi,lugaro","9_classes,8_types",multi-class,not_described,not_described,human,neuromorpho,point-based,morphometrics_features,"neural_networks,knn,svm","deep_residual_neural_network,long_short-term_memory,multi_layer_perceptron",l-measure,no,not_described,accuracy,nan
8,"lopez-cabrera,j._d.,&_lorenzo-ginori,j._v._(2018)._feature_selection_for_the_classification_of_traced_neurons._journal_of_neuroscience_methods,303,4154._https://doi.org/10.1016/j.jneumeth.2018.04.002",2018,journal,"interneuron,pyramidal",only_classes,2_classes,binary,neocortex,neocortex,mouse,neuromorpho,graph-based_,morphometrics_features,"random_forest,svm,naive_bayes,knn,logistic_regression,decision_tree",does_not_use_ann,l-measure,no,matlab,"auc,cross-validation",nan
9,"lopez-cabrera,j._d.,hernandez-perez,l._a.,orozco-morales,r.,&_lorenzo-ginori,j._v._(2020)._new_morphological_features_based_on_the_sholl_analysis_for_automatic_classification_of_traced_neurons._journal_of_neuroscience_methods,343(june),108835._https://doi.org/10.1016/j.jneumeth.2020.108835",2020,journal,"interneuron,pyramidal",only_classes,2_classes,binary,neocortex,cortex,mouse,"neuromorpho,third_party",graph-based_,morphometrics_features,"naive_bayes,svm,knn,decision_tree,logistic_regression,random_forest,decision_stump",does_not_use_ann,"neurolucida,l-measure,neuroncalc",no_,matlab,"auc,accuracy","rf_classifier_exhibited_the_best_overall_performance._new_morphological_features_are_proposed,based_on_variants_of_the_sholl_analysis"
10,"mata,g.,radojevic,m.,fernandez-lozano,c.,smal,i.,werij,n.,morales,m.,meijering,e.,&_rubio,j._(2019)._automated_neuron_detection_in_high-content_fluorescence_microscopy_images_using_machine_learning._neuroinformatics,17(2),253269._https://doi.org/10.1007/s12021-018-9399-4",2019,journal,pyramidal,only_classes,1_class,binary,hippocampus,hippocampus,rat,own_dataset,image-based,morphometrics_features,"svm,knn,random_forest,logistic_regression",does_not_use_ann,not_used,no_,not_described,"cross-validation,auc",pattern_recognition_tasks
11,"peach,r._l.,arnaudon,a.,schmidt,j._a.,palasciano,h._a.,bernier,n._r.,jelfs,k._e.,yaliraki,s._n.,&_barahona,m._(2021)._hcga:_highly_comparative_graph_analysis_for_network_phenotyping._patterns,2(4),100227._https://doi.org/10.1016/j.patter.2021.100227",2021,journal,"pyramidal,interneuron",only_classes,2_classes,multi-class,somatosensory,cortex_somatosensory,rat,blue_brain_project,graph-based,morphometrics_features,not_described,does_not_use_ann,hcga,yes._github_,python,accuracy,nan
12,"stojic,d.,radosevic,d.,rajkovic,n.,maric,d._l.,&_milosevic,n._t._(2021)._classification_by_morphology_of_multipolar_neurons_of_the_human_principal_olivary_nucleus._neuroscience_research,170(xxxx),6675._https://doi.org/10.1016/j.neures.2020.10.005",2021,journal,interneuron,not_described,"1_classe,3_types",multi-class,principal_olivary_nucleus,principal_olivary_nucleus,human,own_dataset,image-based,morphometrics_features,k-means,does_not_use_ann,not_used,no,not_described,silhouette,nan
13,"troullinou,e.,tsagkatakis,g.,chavlis,s.,turi,g._f.,li,w.,losonczy,a.,tsakalides,p.,&_poirazi,p._(2021)._artificial_neural_networks_in_action_for_an_automated_cell-type_classification_of_biological_neural_networks._ieee_transactions_on_emerging_topics_in_computational_intelligence,5(5),755767._https://doi.org/10.1109/tetci.2020.3028581",2021,journal,"pyramidal,interneuron",only_classes,2_classes,multi-class,hippocampus,hippocampus,mouse,own_dataset,image-based,electrophysiological_features,"svm,neural_networks","recurrent_neural_network,long_short-term_memory,convolutional_neural_network",not_used,no,python,"accuracy,confusion_matrix",nan
14,"khalil_r,kallel_s,farhat_a,dlotko_p_(2022)_topological_sholl_descriptors_for_neuronal_clustering_and_classification._plos_comput_biol_18(6):_e1010229._https://doi.org/10.1371/journal.pcbi.1010229",2022,journal,"ganglion,pyramidal,medium_spiny,martinotti,interneuron,purkinje,granule",only_classes,7_classes,multi-class,"hippocampus,retina,spinal_cord,somatosensory,motor","hippocampus,cortex_somatosensory,cortex_motor,cortex_prefrontal,retina,spinal_cord,cortex_cerebellar","human,mouse,rat",neuromorpho,graph-based,"topological_features,morphometrics_features","knn,lmnn",does_not_use_ann,"tmd,l-measure,sholl_analysis",yes._github_,matlab,"accuracy,cross-validation",nan
15,"barros_mt,siljak_h,mullen_p,papadias_c,hyttinen_j,marchetti_n._objective_supervised_machine_learning-based_classification_and_inference_of_biological_neuronal_networks._molecules._(2022);_27(19):6256._https://doi.org/10.3390/molecules27196256",2022,journal,not_described,not_described,not_described,not_described,somatosensory,cortex_somatosensory,rat,blue_brain_project,based_on_spike_train,"topological_features,morphometrics_features,electrophysiological_features","svm,decision_tree,random_forest,neural_networks",not_described,"neuron,netgen",no,matlab,"accuracy,confusion_matrix,auc,recall,precision,f1-score",nan
16,"yang,b.,huang,j.,wu,g._et_al._classifying_the_tracing_difficulty_of_3d_neuron_image_blocks_based_on_deep_learning._brain_inf._8,25_(2021)._https://doi.org/10.1186/s40708-021-00146-0",2021,journal,not_described,not_described,not_described,not_described,not_described,not_described,mouse,allen_cell_types,image-based,morphometrics_features,neural_networks,"resnet,long_short-term_memory,fully_connected_neural_network","l-measure,vaa3d",yes._github_,python,"accuracy,f1-score",nan
17,"j._zhao,x._chen,z._xiong,z._-j._zha_and_f._wu,""graph_representation_learning_for_large-scale_neuronal_morphological_analysis,""_in_ieee_transactions_on_neural_networks_and_learning_systems,2022,doi:_10.1109/tnnls.2022.3204686.",2022,journal,"granule,ganglion,purkinje,pyramidal,medium_spiny",only_classes,5_classes,multi-class,"hippocampus,neocortex,_basal_ganglia,somatosensory,cerebellum","hippocampus,neocortex_frontal,basal_ganglia,neocortex_prefrontal,cortex_somatosensory,cerebellum",not_described,neuromorpho,graph-based,morphometrics_features,svm,does_not_use_ann,"tmd,neurograph,l-measure,neuropath2path",no,not_described,accuracy,nan
18,"j._hiatt,d._howe_and_l._neal,""improving_visual_neuroscience_cell_type_classification_with_supervised_machine_learning,""_2022_systems_and_information_engineering_design_symposium_(sieds),charlottesville,va,usa,2022,pp._116-121,doi:_10.1109/sieds55548.2022.9799330.",2022,conference,not_described,not_described,not_described,not_described,not_described,not_described,drosophila_melanogaster,third_party,based_on_microscopy_films,electrophysiological_features,"random_forest,knn,svm,quadratic_discriminant_analysis,naive_bayes,decision_tree,neural_networks",inceptiontime,caiman,no,not_described,"precision,recall,accuracy",nan
19,"chen,h.,yang,j.,iascone,d.,liu,l.,he,l.,peng,h.,&_yao,j._(2022)._treemoco:_contrastive_neuron_morphology_representation_learning._advances_in_neural_information_processing_systems,35,25060-25073.",2022,conference,"pyramidal,interneuron",only_classes,2_classes,multi-class,not_described,not_described,not_described,"brain_image_library,janelia_mouselight,allen_cell_types",graph-based,morphometrics_features,_neural_networks,long_short-term_memory,"treemoco,morphvae",yes._github_,python,accuracy,nan
20,"friedman,r._(2020)._measurements_of_neuronal_morphological_variation_across_the_rat_neocortex._neuroscience_letters,734,135077.",2020,journal,interneuron,nitrergic,"1_class,1_type",not_identified,neocortex,neocortex,rat,neuromorpho,point-based,morphometrics_features,k-means,does_not_use_ann,not_used,no,not_described,not_described,nan
21,"zhu,t.,yao,g.,hu,d.,xie,c.,li,p.,yang,x.,..._&_li,a._(2023)._data-driven_morphological_feature_perception_of_single_neuron_with_graph_neural_network._ieee_transactions_on_medical_imaging.",2023,journal,"medium_spiny,stellate,pyramidal","aspiny,amacrine,basket,bipolar","3_classes,4_types",multi-class,not_described,not_described,mouse,"neuromorpho,third_party",image-based,morphometrics_features,_neural_networks,"graph_neural_network,autoencoder_",morphognn,no,not_described,accuracy,nan
22,"he,f.,wei,y.,feng,f.,&_qian,y._(2023)._efficient_and_lightweight_neuron_morphology_classification_using_gabor_convolutional_networks._procedia_computer_science,222,233-243.",2023,journal,"interneuron,pyramidal,ganglion,granule,medium_spiny,parachromaffin,purkinje","basket,gabaergic,nitrergic","7_classes,3_types_of_interneuron",multi-class,not_described,not_described,rat,neuromorpho,image-based,morphometrics_features,_neural_networks,"gabor_convolution_network,resnet,recurrent_neural_network,convolutional_neural_network,vgg",not_used,no,not_described,"accuracy,confusion_matrix",nan
23,"he,f.,wei,y.,&_qian,y._(2022)._morphological_classification_of_neurons_based_deep_residual_multiscale_convolutional_neural_network._in_2022_ieee_34th_international_conference_on_tools_with_artificial_intelligence_(ictai)_(pp._481-485)._ieee.",2022,conference,"pyramidal,interneuron,sensory,ganglion,purkinje,granule,medium_spiny,parachromaffin","basket,gabaergic,nitrergic","8_classes,3_types_of_interneuron",multi-class,not_described,not_described,not_described,neuromorpho,point-based,morphometrics_features,_neural_networks,"resnet,vgg,deep_residual_neural_network","l-measure,cvapp,neuromantic",no,not_described,"accuracy,confusion_matrix,precision,specificity,sensitivity",nan
24,"wei,y.,he,f.,qian,y.,&_feng,f._(2023)._neuronal_morphology_classification_based_on_improved_residual_network._in_2023_ieee_6th_information_technology,networking,electronic_and_automation_control_conference_(itnec)_(vol._6,pp._1371-1375)._ieee.",2023,conference,"pyramidal,interneuron,sensory,ganglion,purkinje,granule,medium_spiny,parachromaffin","basket,gabaergic,nitrergic","8_classes,3_types_of_interneuron",multi-class,not_described,not_described,rat,neuromorpho,image-based,morphometrics_features,"neural_networks,svm","resnet,vgg,deep_residual_neural_network,recurrent_neural_network",trees_toolbox,no,not_described,"accuracy,confusion_matrix",nan
25,"zheng,j.,&_lin,x._(2019,august)._quantitative_analysis_of_influence_of_morphological_feature_selection_on_neuron_classification._in_2019_11th_international_conference_on_intelligent_human-machine_systems_and_cybernetics_(ihmsc)_(vol._2,pp._211-216)._ieee.",2019,conference,"von_economo,interneuron,motoneuron,purkinje,pyramidal,sensory","aspiny,bipolar,glutamatergic,multipolar,tripolar","6_classes,5_types_",multi-class,not_described,not_described,not_described,neuromorpho,point-based,morphometrics_features,"logistic_regression,knn,decision_tree,naive_bayes,random_forest,extremely_randomized_trees,xgboost",does_not_use_ann,l-measure,no.,not_described,accuracy,nan
26,"xiong,f.,xie,p.,zhao,z.,li,y.,zhao,s.,manubens-gil,l.,..._&_peng,h._(2024)._dsm:_deep_sequential_model_for_complete_neuronal_morphology_representation_and_feature_extraction._patterns,5(1).",2024,journal,not_described,not_described,not_described,not_described,"neocortex,thalamus,midbrain,hypothalamus,hindbrain,cerebral_nuclei_","cortex,thalamus,midbrain,hypothalamus,hindbrain,cerebral_nuclei_",not_described,own_dataset,sequence-based,morphometrics_features,"neural_networks,random_forest,svm","multi_layer_perceptron,graph_neural_network,recurrent_neural_network,convolutional_neural_network,autoencoder,hierarchical_attention_networks","l-measure,sholl_analysis,tmd",yes._zenodo_,python,"auc,accuracy,confusion_matrix,cross-validation",nan
27,"jiang,j.,goebel,m.,borba,c.,smith,w.,&_manjunath,b._s._(2023)._a_robust_approach_to_3d_neuron_shape_representation_for_quantification_and_classification._bmc_bioinformatics,24(1),366.",2023,journal,"pyramidal,ganglion,granule,medium_spiny,motoneuron,interneuron",somatic,"6_classes,1_type_of_motoneuron",multi-class,not_described,not_described,"ciona_intestinalis,caenorhabditis_elegans,human,rat,mouse","neuromorpho,third_party",skeleton-based,morphometrics_features,k-means,does_not_use_ann,"l-measure,tmd,neuropath2path,",yes._github_,python,"accuracy,cross-validation",nan
28,"zhang,t.,zeng,y.,zhang,y.,zhang,x.,shi,m.,tang,l.,..._&_xu,b._(2021)._neuron_type_classification_in_rat_brain_based_on_integrative_convolutional_and_tree-based_recurrent_neural_networks._scientific_reports,11(1),7291.",2021,journal,"ganglion,granule,medium_spiny,parachromaffin,purkinje,pyramidal,interneuron","basket,gabaergic,nitrergic","8_classes,3_types_of_interneuron",multi-class,neocortex,cortex,rat,"neuromorpho,own_dataset","image-based,point-based",morphometrics_features,neural_networks,"recurrent_neural_network,resnet,long_short-term_memory",trees_toolbox,yes._github_,python,"auc,accuracy",nan
29,"ophir,o.,shefi,o.,&_lindenbaum,o._(2023,june)._neuronal_cell_type_classification_using_locally_sparse_networks._in_2023_ieee_international_conference_on_acoustics,speech,and_signal_processing_workshops_(icasspw)_(pp._1-5)._ieee.",2023,conference,interneuron,"gabaergic,glutamatergic","1_class,2_types",multi-class,neocortex,cortex,mouse,allen_cell_types,patch_clamp_registry-based,electrophysiological_features,"neural_networks,random_forest,svm,xgboost,",locally_sparse_neural_network,not_used,no,not_described,"accuracy,confusion_matrix,recall,precision,f1-score",nan
30,"sun,chunli;_zhao,feng._multi-level_feature_fusion_network_for_neuronal_morphology_classification._frontiers_in_neuroscience,v._18,p._1465642,2024.",2024,journal,"pyramidal,granule,medium_spiny,ganglion,interneuron","gabaergic,nitrergic","5_classes,2_types",multi-class,"neocortex,hippocampus",not_described,"chimpanzee,rat,mouse,human",neuromorpho,image-based,morphometrics_features,neural_networks,convolutional_neural_network,l-measure,no.,not_described,"accuracy,precision,recall,f1-score",nan
31,"ophir,ofek;_shefi,orit;_lindenbaum,ofir._classifying_neuronal_cell_types_based_on_shared_electrophysiological_information_from_humans_and_mice._neuroinformatics,p._1-14,2024.",2024,journal,interneuron,"gabaergic,glutamatergic","1_class,2_types",multi-class,neocortex,not_described,"human,mouse",allen_cell_types,patch_clamp_registry-based,electrophysiological_features,neural_networks,"multi_layer_perceptron,locally_sparse_neural_network",not_used,yes._github_,python,"accuracy,precision","the_classification_of_neurons_into_their_broad_types_in_humans_and_mice,and_the_classification_of_mouse_cells_into_their_specific_neuronal_subclasses"
32,"liao,m.,wan,g.,&_du,b._(2024,march)._joint_learning_neuronal_skeleton_and_brain_circuit_topology_with_permutation_invariant_encoders_for_neuron_classification._in_proceedings_of_the_aaai_conference_on_artificial_intelligence_(vol._38,no._1,pp._197-205).",2024,conference,not_described,not_described,not_described,not_described,not_described,not_described,"drosophila_melanogaster,human",own_dataset,image-based,morphometrics_features,neural_networks,multi_layer_perceptron,not_used,yes._github,python,accuracy,joint_learning
33,"he,f.,li,g.,&_song,h._(2024)._morphological_classification_of_neurons_based_on_sugeno_fuzzy_integration_and_multi-classifier_fusion._scientific_reports,14(1),16003.",2024,journal,"pyramidal,interneuron",not_described,2_classes,multi-class,not_described,not_described,rat,neuromorpho,image-based,morphometrics_features,neural_networks,"alexnet,vgg,resnet",tree_toolbox,no,not_described,"confusion_matrix,auc,accuracy,precision,recall,f1-score",nan
34,"kanari,l.,schmidt,s.,casalegno,f.,delattre,e.,banjac,j.,negrello,t.,..._&_markram,h._(2024)._deep_learning_for_classifying_neuronal_morphologies:_combining_topological_data_analysis_and_graph_neural_networks._biorxiv,2024-09.",2024,journal,"pyramidal,interneuron",not_described,2_classes,multi-class,not_described,not_described,not_described,own_dataset,"image-based,patch_clamp_registry-based",morphometrics_features,"neural_networks,decision_tree,xgboost","convolutional_neural_network,graph_neural_network","neurolucida,tmd",yes._github_,python,accuracy,nan
